"篇名","条","見出し","山海経訳","現行地","距離補正","音韻データ","アイヌ語解釈","出典"
"特別編：海内北経の倭国について","蓋国","蓋","「蓋国は鉅燕の南、倭の北にあり。倭は燕に属す」","燕の南。倭の北。渤海湾西岸から北岸。","","上古音：「蓋」k ɑb／k at／k ɑd, k  ɑb／k ar／k abh
上古音：「蓋」ɡʰ ɑp／ɣ ap／- -／ɡ ap／- -","アイヌ語：蓋
＝「ク(ku)・アッ(at)」＝「矢（のように鋭い峰）が・たくさんある（ところ）」
or「カプ(kap)」＝「薄っぺら（なところ）」
or「ク(ku)・アプ(ap)」＝「矢の（ように鋭い峰の）・釣り針（のように曲がったもの）」
or「キル(kir)・アプ(ap)」＝「峰の・釣り針（のように曲がったもの）」
※アイヌ語「ク＝弓」。中国大陸、朝鮮半島では「ク＝矢」の可能性。サハリン、シベリアのニヴフ（ギリヤーク）語も「ク＝矢」。","jomon2_bnum68.html"
"特別編：海内北経の倭国について","蓋国","鉅燕","「蓋国は鉅燕の南、倭の北にあり。倭は燕に属す」","燕の南。倭の北。渤海湾西岸から北岸。","","上古音：「鉅」ɡʰ i̯o／- -／ɡʰ jaɡ／ɡ jaɣ／g jagx
上古音：「燕」ʔ ian／0 ian／ʔ iæn／ʔ ean／· ianh","アイヌ語：鉅燕＝「キル(kir)・アク(ak)・イ(i)・アゥ(aw)・ウン(un)」＝「山脚の・弟（のように小さいところ）・その・角、枝分かれ・にある（ところ）」","jomon2_bnum68.html"
"特別編：海内北経の倭国について","蓋国","薊","「蓋国は鉅燕の南、倭の北にあり。倭は燕に属す」","燕の南。倭の北。渤海湾西岸から北岸。","","上古音：「薊」- -／k iat／k iæd／k ear／k iadh","アイヌ語：薊＝「キル(kir)・アッ(at)」＝「山が・たくさんある（ところ）」　※燕の首都","jomon2_bnum68.html"
"特別編：海内北経の倭国について","蓋国","倭","「蓋国は鉅燕の南、倭の北にあり。倭は燕に属す」","燕の南。倭の北。渤海湾西岸から北岸。","","上古音：「倭」ʔ i̯wăr／0 ǐwəi／ʔ juər／ʔ iwə／·w jər
上古音：「倭」- -／0 uəi／ʔ uə̂r／ʔ wə／·w ər","アイヌ語：倭
＝「イ(i)・ワ(wa)」＝「その・岸」","jomon2_bnum68.html"
"特別編：海内北経の倭国について","朝鮮","朝鮮","「朝鮮は列陽の東の海、北山の南にあり。列陽は燕に属す」","","","上古音：「朝」t i̯oɡ／t ǐau／t jɔɡ／t iaw／t rjagw
上古音：「朝」dʰ i̯oɡ／d ǐau／dʰ jɔɡ／d iaw／d rjagw
上古音：「鮮」s i̯an／s ǐan／s jæn／s jian／s jan","アイヌ語：朝鮮＝「テュ(tu)・アク(ak)・シル(sir)・アゥ(aw)・ウン(un)」＝「峰の・弟（のように小さい）・山の・角、枝分かれ・にある（ところ）」","jomon2_bnum68.html"
"特別編：海内北経の倭国について","朝鮮","列陽","「朝鮮は列陽の東の海、北山の南にあり。列陽は燕に属す」","","","上古音：「列」l i̯at／l ǐat／l jæt／l iat／l jat
上古音：「陽」d i̯aŋ／ʎ ǐaŋ／d jaŋ／r iaŋ／r ang","アイヌ語：列陽
＝「リ(ri)・アッ(at)・テュ(tu)・アゥ(aw)・ウン(un)」＝「高い（ところが）・たくさんある・峰の・角、枝分かれ・にある（ところ）」
or「リ(ri)・アッ(at)・リ(ri)・アゥ(aw)・ウン(un)」＝「高い（ところが）・たくさんある・高い・角、枝分かれ・にある（ところ）」","jomon2_bnum68.html"
"特別編：海内北経の倭国について","朝鮮","北山","「朝鮮は列陽の東の海、北山の南にあり。列陽は燕に属す」","","","上古音：「北」p ək／p ək／p uə̂k／p wək／p ək
上古音：「山」s ăn／ʃ ean／-／s rian／s rian","アイヌ語：北山
＝「プ(pu)・アク(ak)・シル(sir)・アゥ(aw)・ウン(un)」＝「倉の（屋根のような三角山の）・弟の（ように小さい）・山の・角、枝分かれ・にある（ところ）」","jomon2_bnum68.html"
"特別編：海内北経の倭国について","朝鮮","遼","「朝鮮は列陽の東の海、北山の南にあり。列陽は燕に属す」","","","上古音：「遼」l ioɡ／l iau／l iɔɡ／l eaw／l iagw","アイヌ語：遼＝「リ(ri)・アク(ak)」＝「高い・弟の（ように小さい峰）」","jomon2_bnum68.html"
"特別編：海内北経の倭国について","朝鮮","大連","「朝鮮は列陽の東の海、北山の南にあり。列陽は燕に属す」","","","上古音：「大」tʰ ɑd, dʰ ɑd／d at／dʰ ɑd／d ar／d adh
上古音：「連」l i̯an／l ǐan／l jæn／l ian／l jan","アイヌ語：大連＝「テュ(tu)・アッ(at)・リ(ri)・アゥ(aw)・ウン(un)」＝「峰が・たくさんある・高い・角、枝分かれ・にある（ところ）」","jomon2_bnum68.html"
"特別編：海内北経の倭国について","朝鮮","三山","「朝鮮は列陽の東の海、北山の南にあり。列陽は燕に属す」","","","上古音：「三」s əm／s əm／s ə̂m／s əm／s əm
上古音：「山」s ăn／ʃ ean／-／s rian／s rian","アイヌ語：三山
＝「サム(sam)・シル(sir)・アゥ(aw)・ウン(un)」＝「隣の・山の・角、枝分かれ・にある（ところ）」
or「シル(sir)・アム(am)・シル(sir)・アゥ(aw)・ウン(un)」＝「山の・爪の（ように平べったく鋭い）・山の・角、枝分かれ・にある（ところ）」","jomon2_bnum68.html"
"特別編：海内北経の倭国について","列姑射、姑射国","列姑射","「列姑射は海の島の中にあり。姑射国は海中にあり、列姑射に属し、西南には山をめぐらす」","","","","アイヌ語：列姑射＝「リ(ri)・アッ(at)・ク(ku)・アク(ak)・テュ(tu)・アク(ak)」＝「高く・たくさんある・矢の（ように鋭い）・弟（のように小さいもの）・峰の・弟」","jomon2_bnum68.html"
"特別編：海内北経の倭国について","列姑射、姑射国","姑射","「列姑射は海の島の中にあり。姑射国は海中にあり、列姑射に属し、西南には山をめぐらす」","","","上古音：「列」l i̯at／l ǐat／l jæt／l iat／l jat
上古音：「姑」k o／k a／k ɑɡ／k aɣ／k ag
上古音：「射」- -／- -／d jăɡ／r aɣ／g rjiagh","アイヌ語：姑射＝「ク(ku)・アク(ak)・テュ(tu)・アク(ak)」＝「矢の（ように鋭い）・弟（のように小さいもの）・峰の・弟」
※アイヌ語「ク＝弓」。中国大陸、朝鮮半島では「ク＝矢」の可能性。サハリン、シベリアのニヴフ（ギリヤーク）語も「ク＝矢」。","jomon2_bnum68.html"
"特別編：海内北経の倭国について","陵魚、鯾、明組邑、蓬莱山、大人之市","陵魚","「陵魚は人面で手足あり、魚の身。海中にあり。大きな鯾は海中に住む。明組邑は海中にあり。蓬莱山は海中にあり。大人之市は海中にあり」","","","上古音：「陵」l i̯əŋ／l ǐəŋ／l jəŋ／l iəŋ／l jəng
上古音：「魚」ŋ i̯o／ŋ ǐa／ŋ jaɡ／ŋ jaɣ／ng jag","アイヌ語：陵魚＝「リ(ri)・アゥ(aw)・ウン(un)・キル(kir)・アク(ak)」＝「高い・角、枝分かれ・にある・山脚の・弟（のように小さいもの）」","jomon2_bnum68.html"
"特別編：海内北経の倭国について","陵魚、鯾、明組邑、蓬莱山、大人之市","鯾","「陵魚は人面で手足あり、魚の身。海中にあり。大きな鯾は海中に住む。明組邑は海中にあり。蓬莱山は海中にあり。大人之市は海中にあり」","","","上古音：「鯾」 - -／- -／p juæn／p jiwan／p jian","アイヌ語：鯾＝「ピル(pir)・アゥ(aw)・ウン(un)」＝「傷の（ように切り刻まれた）・角、枝分かれ・にある（ところ）」","jomon2_bnum68.html"
"特別編：海内北経の倭国について","陵魚、鯾、明組邑、蓬莱山、大人之市","明組","「陵魚は人面で手足あり、魚の身。海中にあり。大きな鯾は海中に住む。明組邑は海中にあり。蓬莱山は海中にあり。大人之市は海中にあり」","","","上古音：「明」m i̯ăŋ／m iaŋ／m juăŋ／m iwaŋ／m jiang
上古音：「組」ts o／ts a／ts ɑɡ／ts aɣ／ts agx","アイヌ語：明組＝「ムィ(muy)・アゥ(aw)・ウン(un)・テュ(tu)・アク(ak)」＝「頂の・角、枝分かれ・にある・峰の・弟（のように小さいもの）」","jomon2_bnum68.html"
"特別編：海内北経の倭国について","陵魚、鯾、明組邑、蓬莱山、大人之市","蓬莱","「陵魚は人面で手足あり、魚の身。海中にあり。大きな鯾は海中に住む。明組邑は海中にあり。蓬莱山は海中にあり。大人之市は海中にあり」","","","上古音：「蓬」bʰ uŋ／b ɔŋ／bʰ ûŋ／b ewŋ／b ung
上古音：「萊」l əɡ／l ə／l ə̂ɡ／l əɣ／l əgh","アイヌ語：蓬莱＝「プ(pu)・ウン(un)・ル(ru)・アク(ak)」＝「倉（の屋根のような三角山）・にある・消えかかった・弟（のように小さいもの）」","jomon2_bnum68.html"
"特別編：海内北経の倭国について","陵魚、鯾、明組邑、蓬莱山、大人之市","大人之市","「陵魚は人面で手足あり、魚の身。海中にあり。大きな鯾は海中に住む。明組邑は海中にあり。蓬莱山は海中にあり。大人之市は海中にあり」","","","上古音：「大」tʰ ɑd, dʰ ɑd／d at／dʰ ɑd／d ar／d adh
上古音：「人」ȵ i̯ĕn／ȵ ǐen／ȵ jen／n jien／n jin
上古音：「之」ȶ i̯əɡ／ȶ ǐə／ȶ jəɡ／t jiəɣ／t jəg
上古音：「市」ȡ i̯əɡ／ʑ ǐə／ʑ jəɡ／d jiəɣ／d jəgx","アイヌ語：大人之市＝「テュ(tu)・アッ(at)・ニ(ni)・エ(e)・エン(en)・テュ(tu)・アク(ak)・テュ(tu)・アク(ak)」＝「峰が・たくさんある・棒（のような細長い峰）が・そこで・突き出ている・峰の・弟（のように小さいもの）・峰の・弟」
※たくさんの棒のような峰が突き出ている小さな峰。","jomon2_bnum68.html"
"海内南経","甌","甌","「甌は海中にあり、閩も海中にあり、その西北に山がある」","浙江省周辺","","上古音：「甌」- -／ʔ u／0 ɔ／ʔ ûɡ／ʔ ew／· ug","アイヌ語：甌＝「ウ(u)・ク(ku)」＝「互いに重なるような・矢（のように鋭い峰）」
※アイヌ語「ク＝弓」。中国大陸、朝鮮半島では「ク＝矢」の可能性。サハリン、シベリアのニヴフ（ギリヤーク）語も「ク＝矢」。","jomon2_bnum68.html"
"海内南経","閩","閩","「甌は海中にあり、閩も海中にあり、その西北に山がある」","福建省周辺","","上古音：「閩」m i̯ən／m ǐen／m juən／m iwən／m jiən","アイヌ語：閩＝「ムィ(muy)・アゥ(aw)・ウン(un)」＝「頂の・角、枝分かれ・にある（ところ）」","jomon2_bnum68.html"
"海内南経","鄣山","鄣山","「三天子鄣山は閩の西北にあり」","福建省の西北","","上古音：「閩」ȶ i̯aŋ／ȶ ǐaŋ／ȶ jaŋ／t jaŋ／t jang
上古音：「山」s ăn／ʃ ean／-／s rian／s rian","アイヌ語：鄣山＝「テュ(tu)・アゥ(aw)・ウン(un)・シル(sir)・アゥ(aw)・ウン(un)」＝「峰の・角、枝分かれ・にある（ところ）・山の・角、枝分かれ・にある（ところ）」","jomon2_bnum68.html"
"海内南経","番隅","番隅","「桂林八樹は番隅の東にあり」","広東省広州市番禺区。漢代の（南海郡）番禺県。","","上古音：「番」pʰ i̯wăn／pʰ ǐwan／pʰ juăn／pʰ jwan／ph jan
上古音：「番」- -／pʰ uan／pʰ uɑn／pʰ wan／ph an
上古音：「番」p wɑr／p uai／- -／p wa／- -
上古音：「番」- -／p uai／p uɑ／p wa／p arh
上古音：「隅」ŋ i̯u／- -／ŋ juɡ／ŋ jew／ng jug","アイヌ語：番隅＝「ピル(pir)・アゥ(aw)・ウン(un)・キル(kir)・ク(ku)」＝「傷の（ように切り刻まれた）・角、枝分かれ・にある・山脚の・矢（のように鋭いもの）」
※アイヌ語「ク＝弓」。中国大陸、朝鮮半島では「ク＝矢」の可能性。サハリン、シベリアのニヴフ（ギリヤーク）語も「ク＝矢」。","jomon2_bnum68.html"
"海内南経","伯慮国・離耳国・雕題国・北胊国","伯慮","「伯慮国・離耳国・彫題国・北胊国はみな鬱水の南にあり、鬱水は湘陵の南海（山）より流れる」","古代百越の地。鬱水は今の江西省西江。広東省南部。","","上古音：「伯」p ăk／p eak／p uăk／p rwak／p rak
上古音：「慮」l i̯o／l ǐa／l jaɡ／l iaɣ／l jagh","アイヌ語：伯慮＝「プ(pu)・アク(ak)・リ(ri)・アク(ak)」＝「倉の（屋根のような三角山の）・弟（のように小さいもの）・高い・弟」","jomon2_bnum68.html"
"海内南経","伯慮国・離耳国・雕題国・北胊国","離耳","「伯慮国・離耳国・彫題国・北胊国はみな鬱水の南にあり、鬱水は湘陵の南海（山）より流れる」","古代百越の地。鬱水は今の江西省西江。広東省南部。","","上古音：「離」l ia／l ǐai／l ja／l ia／l jiarh
上古音：「耳」ȵ i̯əɡ／ȵ ǐə／ȵ jəɡ／n jiəɣ／n jəgx","アイヌ語：離耳＝「リ(ri)・アゥ(aw)・ニ(ni)・アク(ak)」＝「高い・角、枝分かれの・棒の（ように細長い）・弟（のように小さい峰）」","jomon2_bnum68.html"
"海内南経","伯慮国・離耳国・雕題国・北胊国","彫題","「伯慮国・離耳国・彫題国・北胊国はみな鬱水の南にあり、鬱水は湘陵の南海（山）より流れる」","古代百越の地。鬱水は今の江西省西江。広東省南部。","","上古音：「雕」t -／t iu／t ioɡ／t eəw／t iəgw
上古音：「題」dʰ ieɡ／d ie／dʰ ieɡ／d eɣ／d ig","アイヌ語：彫題＝「テュ(tu)・アク(ak)・テュ(tu)・アク(ak)」＝「峰の・弟（のように小さいもの）・峰の・弟」※たくさんの小さな峰。","jomon2_bnum68.html"
"海内南経","伯慮国・離耳国・雕題国・北胊国","北胊","「伯慮国・離耳国・彫題国・北胊国はみな鬱水の南にあり、鬱水は湘陵の南海（山）より流れる」","古代百越の地。鬱水は今の江西省西江。広東省南部。","","上古音：「北」p ək／p ək／p uə̂k／p wək／p ək
上古音：「胊」ɡʰ i̯u／- -／ɡʰ juɡ／ɡ jew／g jug","アイヌ語：北胊＝「プ(pu)・アク(ak)・キル(kir)・ク(ku)」＝「倉の（ような三角山の）・弟（のように小さい）・山脚の・矢（のように鋭いもの）」
※アイヌ語「ク＝弓」。中国大陸、朝鮮半島では「ク＝矢」の可能性。サハリン、シベリアのニヴフ（ギリヤーク）語も「ク＝矢」。","jomon2_bnum68.html"
"海内南経","伯慮国・離耳国・雕題国・北胊国","鬱","「伯慮国・離耳国・彫題国・北胊国はみな鬱水の南にあり、鬱水は湘陵の南海（山）より流れる」","古代百越の地。鬱水は今の江西省西江。広東省南部。","","上古音：「鬱」ʔ i̯wət／0 ǐwət／ʔ juə̆t／ʔ jwət／·w jət","アイヌ語：鬱＝「イ(i)・ウ(u)・アッ(at)」＝「それ（峰、山）が・互いに重なるように・たくさんある（ところ）」","jomon2_bnum68.html"
"海内南経","伯慮国・離耳国・雕題国・北胊国","百越","「伯慮国・離耳国・彫題国・北胊国はみな鬱水の南にあり、鬱水は湘陵の南海（山）より流れる」","古代百越の地。鬱水は今の江西省西江。広東省南部。","","上古音：「百」p ăk／p eak／p uăk／p rwak／p rak
上古音：「越」ɡ i̯wăt／ɣ ǐwat／ɣ juăt／ɣ jwat／gw jat","アイヌ語：百越
＝「プ(pu)・アク(ak)・キル(kir)・アッ(at)」＝「倉の（屋根のような三角山の）・弟の（ように小さいもの）・山脚が・たくさんある（ところ）」","jomon2_bnum68.html"
"海内南経","兕","兕","「兕は舜葬の東、湘水の南にあり、その状は丑の如く蒼黒くて一角」","舜葬（九嶷山）の東。","","上古音：「兕」dz i̯ər／z ǐei／z jed／r jier／r jidx","アイヌ語：兕
＝「テュ(tu)・アッ(at)」＝「峰が・たくさんある（ところ）」
or「チゥ(ciw)・アッ(at)」＝「水流、水脈が・たくさんある（ところ）」","jomon2_bnum68.html"
"海内南経","蒼梧","蒼梧","「蒼梧の山は帝・舜を山の南に葬り、帝・丹朱をその北に葬る」","舜葬（九嶷山）。","","上古音：「蒼」tsʰ ɑŋ／tsʰ aŋ／tsʰ ɑŋ／tsʰ aŋ／tsh ang
上古音：「梧」ŋ o／ŋ a／ŋ ɑɡ／ŋ aɣ／ng ag","アイヌ語：蒼梧＝「テュ(tu)・アゥ(aw)・ウン(un)・キル(kir)・アク(ak)」＝「峰の・角、枝分かれ・にある・山脚の・弟（のように小さいもの）」","jomon2_bnum68.html"
"海内南経","汜林","汜林","「汜林は方三百里、狌狌の東にあり。狌狌は人の名を知る。この獣は豕（いのこ）のようで人面、舜葬の西にあり」","舜葬（九嶷山）の西。","","上古音：「汜」dz i̯əɡ／z ǐə／z jəɡ／r jiəɣ／r jəgx
上古音：「林」ɡl i̯əm／l ǐəm／l jəm／l iəm／gl jəm","アイヌ語：汜林＝「テュ(tu)・アク(ak)・リ(ri)・アム(am)」＝「峰の・弟の（ように小さい）・高い・爪（のように平べったく鋭いもの）」","jomon2_bnum68.html"
"海内南経","汜林","狌狌","「汜林は方三百里、狌狌の東にあり。狌狌は人の名を知る。この獣は豕（いのこ）のようで人面、舜葬の西にあり」","舜葬（九嶷山）の西。","","上古音：「猩」s ĕŋ／ʃ eŋ／s ĕŋ／s reŋ／s ring
上古音：「猩」s ieŋ／s ieŋ／s ieŋ／s eŋ／s ing","アイヌ語：狌狌＝「シル(sir)・エ(e)・エン(en)・シル(sir)・エ(e)・エン(en)」＝「山が・そこで・突き出ている（ところ）・山が・そこで・突き出ている（ところ）」※たくさんの山が突き出ているところ。","jomon2_bnum68.html"
"海内南経","犀牛","犀牛","「狌狌の西北に犀牛があり、その状は牛の如くで黒い」","狌狌（九嶷山の西）の西北。","","上古音：「犀」s iər／s iei／s ied／s er／st id
上古音：「牛」ŋ i̯ŭɡ／ŋ ǐwə／ŋ juə̆ɡ／ŋ jwəɣ／ng jəg","アイヌ語：犀牛＝「シル(sir)・アッ(at)・キル(kir)・アク(ak)」＝「山が・たくさんある・山脚の・弟（のように小さいもの）」","jomon2_bnum68.html"
"海内南経","窫窳","窫窳","「窫窳は龍の首で弱水の中に住む。狌狌人名を知るの西にあり、その状は龍の首の如くで人を食う」","狌狌（九嶷山の西）の西。","","上古音：「㝣」- -／- -／ʔ iæt／ʔ eat／· iat
上古音：「窳」- -／ʎ ǐwa／ɡ juaɡ／ɣr iwaɣ／gw rjagx","アイヌ語：窫窳＝「イ(i)・アッ(at)・キル(kir)・アク(ak)」＝「それが・たくさんある・山脚の・弟（のように小さいもの）」","jomon2_bnum68.html"
"海内南経","建木","建木","「木がある。その状は牛の如く、それを引けば皮がむけて纓（かんむりのひも）の如く、また黄蛇のよう。その歯は羅（うすぎぬ）の如く、その実は欒（おうち）の如く、その木は蓲（はりにれ）のよう、その名は建木。窫窳の西、弱水のほとりにあり」","狌狌（九嶷山の西）の西方。窫窳の西。","","上古音：「建」k i̯ăn／k ǐan／k jăn／k jan／k janh
上古音：「木」m uk／m ɔk／m ûk／m ewk／m uk","アイヌ語：建木＝「キル(kir)・アゥ(aw)・ウン(un)・ム(mu)・ク(ku)」＝「山脚の・角、枝分かれ・にある・ふさがっている・矢（のように鋭いもの）」
※アイヌ語「ク＝弓」。中国大陸、朝鮮半島では「ク＝矢」の可能性。サハリン、シベリアのニヴフ（ギリヤーク）語も「ク＝矢」。","jomon2_bnum68.html"
"海内南経","氐人国","氐人","「氐人国は建木の西にあり、その人となり、人面で魚の身、足がない」","狌狌（九嶷山の西）の西方。窫窳の西方。建木の西。","","上古音：「氐」- -／t ǐei／t jed／t ier／t rjid
上古音：「氐」t iər／t iei／t ied／t er／t id
上古音：「人」ȵ i̯ĕn／ȵ ǐen／ȵ jen／n jien／n jin","アイヌ語：氐人＝「テュ(tu)・アッ(at)・ニ(ni)・エ(e)・エン(en)」＝「峰が・たくさんある・棒（のような細長い峰）が・そこで・突き出ている（ところ）」","jomon2_bnum68.html"
"海内南経","巴蛇","巴蛇","「巴蛇は象を食い、三年にしてその骨を排出した。君子がこれを服用すれば心腹の病なし。その蛇は青・黄・赤・黒。犀牛の西にあり」","犀牛（狌狌［九嶷山の西］の西北）の西","","上古音：「巴」p ɔ／p ea／p uăɡ／p rwaɣ／p rag
上古音：「蛇」d ia／ʎ ǐai／d ja／r ia／r ar
上古音：「蛇」- -／- -／tʰ ɑ／tʰ a／th ar
上古音：「蛇」ʰ ia／ȡ iai／- -／- -／d jar","アイヌ語：巴蛇
＝「プ(pu)・アク(ak)・テュ(tu)・アゥ(aw)」＝「倉の（屋根のような三角山の）・弟の（ように小さい）・峰の・角、枝分かれ」
or「プ(pu)・アク(ak)・リ(ri)・アゥ(aw)」＝「倉の（屋根のような三角山の）・弟の（ように小さい）・高い・角、枝分かれ」","jomon2_bnum68.html"
"海内南経","旄馬","旄馬","「旄馬、その状は馬の如く、四つの膝に毛あり、巴蛇の西北、高山の南にあり」","九嶷山の西北方","","上古音：「旄」m oɡ／m au／m ɔ̂ɡ／m aw／m agw
上古音：「馬」m ɔ／m ea／m uăɡ／m rwaɣ／m ragx","アイヌ語：旄馬
＝「マク(mak)・ム(mu)・アク(ak)」＝「奥の・ふさがっている・弟（ように小さい峰）」
or「ム(mu)・アク(ak)・ム(mu)・アク(ak)」＝「ふさがっている・弟の（ように小さい峰）・ふさがっている・弟」※たくさんのふさがっているような小さな峰。","jomon2_bnum68.html"
"海内西経","疏属山","疏属","「弐負の臣を危といい、危と弐負は窫窳（あつゆ）を殺した。そこで帝は（窫窳を）疏属山にしばりつけた。その右足に桎（あしかせ）をし、両手と髪を後ろでしばり、これを頂上の木につないだ。開題の西北にあり」","陝西省楡林市綏徳県疏属山。","","上古音：「疏」ʂ i̯o／ʃ ǐa／s aɡ／s iaɣ／s rjag
上古音：「屬」ȶ i̯uk／ȶ ǐwɔk／ȶ juk／t jewk／t juk","アイヌ語：疏属＝「シル(sir)・アク(ak)・テュク(tuk)」＝「山の・弟の（ように小さい）・小山」","jomon2_bnum68.html"
"海内西経","疏属山","開題","「弐負の臣を危といい、危と弐負は窫窳（あつゆ）を殺した。そこで帝は（窫窳を）疏属山にしばりつけた。その右足に桎（あしかせ）をし、両手と髪を後ろでしばり、これを頂上の木につないだ。開題の西北にあり」","陝西省楡林市綏徳県疏属山。","","上古音：「開」kʰ ər／kʰ əi／kʰ ə̂d／kʰ ər／kh əd
上古音：「題」dʰ ieɡ／d ie／dʰ ieɡ／d eɣ／d ig","アイヌ語：開題＝「ク(ku)・アッ(at)・テュク(tuk)」＝「矢（のように鋭い峰）が・たくさんある・小山」
※アイヌ語「ク＝弓」。中国大陸、朝鮮半島では「ク＝矢」の可能性。サハリン、シベリアのニヴフ（ギリヤーク）語も「ク＝矢」。","jomon2_bnum68.html"
"海内西経","大沢","大沢","「大沢は方百里、群鳥の生まれるところ、また羽の毛がえするところ。鴈門の北にあり」","山西省代県雁門山（別名勾注山）の北。","","上古音：「大」tʰ ɑd, dʰ ɑd／d at／dʰ ɑd／d ar／d adh
上古音：「澤」dʰ ăk／d eak／dʰ ăk／d rak／d rak","アイヌ語：大沢＝「テュ(tu)・アッ(at)・テュ(tu)・アク(ak)」＝「峰が・たくさんある・峰の・弟（のように小さいもの）」","jomon2_bnum68.html"
"海内西経","鴈門山","鴈門","「鴈門山、鴈がこのあたりから現れる。高柳の北にあり。高柳は代の北にあり」","山西省代県雁門山（別名勾注山）。","","上古音：「鴈」ŋ an／ŋ ean／ŋ an／ŋ ran／ng ranh
上古音：「門」m wən／m uən／m uə̂n／m wən／m ən","アイヌ語：鴈門＝「キル(kir)・アゥ(aw)・ウン(un)・ム(mu)・アゥ(aw)・ウン(un)」＝「山脚の・角、枝分かれ・にある（ところ）・ふさがっている・角、枝分かれ・にある（ところ）」","jomon2_bnum68.html"
"海内西経","鴈門山","高柳","「鴈門山、鴈がこのあたりから現れる。高柳の北にあり。高柳は代の北にあり」","山西省代県雁門山（別名勾注山）。","","上古音：「高」k oɡ／k au／k ɔ̂ɡ／k aw／k agw
上古音：「柳」l -／l ǐu／l jŏɡ／l iəw／l jəgwx","アイヌ語：高柳＝「ク(ku)・アク(ak)・リ(ri)・アク(ak)」＝「矢の（ように鋭い）・弟（のように小さいもの）・高い・弟」
※アイヌ語「ク＝弓」。中国大陸、朝鮮半島では「ク＝矢」の可能性。サハリン、シベリアのニヴフ（ギリヤーク）語も「ク＝矢」。","jomon2_bnum68.html"
"海内西経","東胡、大沢","東胡","「東胡は大沢の東にあり」","大沢（山西省代県雁門山の北）の東。","","上古音：「東」t uŋ／t ɔŋ／t ûŋ／t ewŋ／t ung
上古音：「胡」ɡʰ o／ɣ a／ɣ ɑɡ／ɡ aɣ／g ag","アイヌ語：東胡＝「テュン(tun)・キル(kir)・アク(ak)」＝「間の・山脚の・弟（のように小さいもの）」","jomon2_bnum68.html"
"海内西経","東胡、大沢","大沢","「東胡は大沢の東にあり」","大沢（山西省代県雁門山の北）の東。","","上古音：「大」tʰ ɑd, dʰ ɑd／d at／dʰ ɑd／d ar／d adh
上古音：「澤」dʰ ăk／d eak／dʰ ăk／d rak／d rak","アイヌ語：大沢＝「テュ(tu)・アッ(at)・テュ(tu)・アク(ak)」＝「峰が・たくさんある・峰の・弟（のように小さいもの）」","jomon2_bnum68.html"
"海内西経","夷人","夷人","「夷人は東胡の東にあり」","東胡の東（山西省代県雁門山の北東）。","","上古音：「夷」d i̯ər／ʎ ǐei／d jed／r ier／r id
上古音：「人」ȵ i̯ĕn／ȵ ǐen／ȵ jen／n jien／n jin","アイヌ語：夷人＝「テュ(tu)・アッ(at)・ニ(ni)・エ(e)・エン(en)」＝「峰が・たくさんある・棒（のように細長いもの）が・そこで・突き出ている（ところ）」","jomon2_bnum68.html"
"海内西経","貊国","貊","「貊国は漢水の東北にあり、地は燕に近く、（燕）がこれを滅ぼす」","漢水の東北。","","上古音：「貊」m ăk／m eak／m uăk／m rwak／m rak","アイヌ語：貊＝「ム(mu)・アク(ak)」＝「ふさがっている・弟（のように小さい峰）」","jomon2_bnum68.html"
"海内西経","貊国","漢水","「貊国は漢水の東北にあり、地は燕に近く、（燕）がこれを滅ぼす」","漢水の東北。","","上古音：「漢」x ɑn／h an／x ɑn／x an／h anh
上古音：「水」ɕ i̯wər／ɕ ǐwei／ç jued／stʰ jiwer／h rjidx","アイヌ語：漢水＝「シル(sir)・アゥ(aw)・ウン(un)・シル(sir)・アッ(at)」＝「山の・角、枝分かれ・にある・山が・たくさんある（ところ）」","jomon2_bnum68.html"
"海内西経","孟鳥","孟鳥","「孟鳥は貊国の東北にあり、その鳥は文あり。赤・黄・青、東を向いている」","貊国の東北。","","上古音：「孟」m ăk／m eak／m uăk／m rwak／m rak
上古音：「鳥」t -／t iu／t ioɡ／t eəw／t iəgwx","アイヌ語：孟鳥＝「ム(mu)・アク(ak)・テュ(tu)・アク(ak)」＝「ふさがっている・弟（のように小さいもの）・峰の・弟」","jomon2_bnum68.html"
"海内西経","孟鳥","貊","「孟鳥は貊国の東北にあり、その鳥は文あり。赤・黄・青、東を向いている」","貊国の東北。","","","アイヌ語：貊＝「ム(mu)・アク(ak)」＝「ふさがっている・弟（のように小さい峰）」","jomon2_bnum68.html"
"海内西経","開明獣","昆侖","「海内の昆侖の虚は西北にあり、帝の下界の都。昆侖の虚は方八百里、高さ一万仞（じん）。上に木禾（もくか：穀物の一種）あり、長さ五尋、大きさ五つ囲、面に九つの井戸があり、玉で檻（らんかん）をつくる。上に九つの門があり、文字は開明獣がいて、これを守る。＜中略＞","孟鳥の東北。","","上古音：「昆」k wən／k uən／k uə̂n／k wən／kw ən
上古音：「侖」l i̯wən／l ǐwən／l juən／l iwən／l jən","アイヌ語：昆侖＝「ク(ku)・アゥ(aw)・ウン(un)・レル(rer)・アゥ(aw)・ウン(un)」＝「矢の（ように鋭い）・角、枝分かれ・にある（ところ）・山陰、山向こうの・角、枝分かれ・にある（ところ）」
※アイヌ語「ク＝弓」。中国大陸、朝鮮半島では「ク＝矢」の可能性。サハリン、シベリアのニヴフ（ギリヤーク）語も「ク＝矢」。","jomon2_bnum68.html"
"海内西経","開明獣","開明獣","「海内の昆侖の虚は西北にあり、帝の下界の都。昆侖の虚は方八百里、高さ一万仞（じん）。上に木禾（もくか：穀物の一種）あり、長さ五尋、大きさ五つ囲、面に九つの井戸があり、玉で檻（らんかん）をつくる。上に九つの門があり、文字は開明獣がいて、これを守る。＜中略＞","孟鳥の東北。","","上古音：「開」kʰ ər／kʰ əi／kʰ ə̂d／kʰ ər／kh əd
上古音：「明」m i̯ăŋ／m iaŋ／m juăŋ／m iwaŋ／m jiang
上古音：「獸」ɕ -／ɕ ǐu／ç jŏɡ／stʰ jəw／h rjəgwh","アイヌ語：開明獣＝「ク(ku)・アッ(at)・ムィ(muy)・アゥ(aw)・ウン(un)・シル(sir)・アク(ak)」＝「矢（のように鋭い峰）が・たくさんある・頂の・角、枝分かれ・にある・山の・弟（のように小さいもの）」","jomon2_bnum68.html"
"海内西経","鳳凰、鸞鳥","鳳凰","「開明の西に鳳凰、鸞鳥がいて、みな蛇を頭にいただき、足には蛇をふみ、胸には赤い蛇をもって守っている」","開明の西。","","上古音：「鳳」bʰ i̯ŭm／b ǐwəm／- -／b jwəm／- -
上古音：「凰」ɡʰ wɑŋ／ɣ uaŋ／- -／ɡ waŋ／- -","アイヌ語：鳳凰＝「ピル(pir)・アム(am)・キル(kir)・アゥ(aw)・ウン(un)」＝「傷の（ように切り刻まれた）・爪の（ように平べったく鋭い）・山脚の・角、枝分かれ・にある（ところ）」","jomon2_bnum68.html"
"海内西経","鳳凰、鸞鳥","鸞鳥","「開明の西に鳳凰、鸞鳥がいて、みな蛇を頭にいただき、足には蛇をふみ、胸には赤い蛇をもって守っている」","開明の西。","","上古音：「鸞」bl wɑn／l uan／l uɑn／l wan／bl an
上古音：「鳥」t -／t iu／t ioɡ／t eəw／t iəgwx","アイヌ語：鸞鳥＝「ル(ru)・アゥ(aw)・ウン(un)・テュ(tu)・アク(ak)」＝「消えかかっている・角、枝分かれ・にある・峰の・弟（のように小さいもの）」","jomon2_bnum68.html"
"海内西経","巫彭、巫抵、巫陽、巫履、巫凡、巫相、服常樹、琅玕樹","巫彭","「開明の東には巫彭、巫抵、巫陽、巫履、巫凡、巫相がいて、窫窳（あつゆ）の尸をかこみ、みな父子の薬をもって、死期がせまるのふせいでいる。窫窳は蛇身人面、弐負の臣が殺したもの。服常樹があり、その上に三つの頭の人がいて、琅玕樹をねらっている」","開明の東。","","上古音：「巫」m i̯wo／m ǐwa／m juaɡ／m jwaɣ／m jag
上古音：「彭」bʰ ăŋ／b eaŋ／bʰ uăŋ／b rwaŋ／b rang","アイヌ語：巫彭＝「ムィ(muy)・アク(ak)・プ(pu)・アゥ(aw)・ウン(un)」＝「頂の・弟の（ように小さい）・倉の（屋根のような三角山の）・角、枝分かれ・にある（ところ）」","jomon2_bnum68.html"
"海内西経","巫彭、巫抵、巫陽、巫履、巫凡、巫相、服常樹、琅玕樹","巫抵","「開明の東には巫彭、巫抵、巫陽、巫履、巫凡、巫相がいて、窫窳（あつゆ）の尸をかこみ、みな父子の薬をもって、死期がせまるのふせいでいる。窫窳は蛇身人面、弐負の臣が殺したもの。服常樹があり、その上に三つの頭の人がいて、琅玕樹をねらっている」","開明の東。","","上古音：「巫」m i̯wo／m ǐwa／m juaɡ／m jwaɣ／m jag
上古音：「抵」t iər／t iei／t ied／t er／t idx","アイヌ語：巫抵＝「ムィ(muy)・アク(ak)・テュ(tu)・アッ(at)」＝「頂の・弟の（ように小さい）・峰が・たくさんある（ところ）」","jomon2_bnum68.html"
"海内西経","巫彭、巫抵、巫陽、巫履、巫凡、巫相、服常樹、琅玕樹","巫陽","「開明の東には巫彭、巫抵、巫陽、巫履、巫凡、巫相がいて、窫窳（あつゆ）の尸をかこみ、みな父子の薬をもって、死期がせまるのふせいでいる。窫窳は蛇身人面、弐負の臣が殺したもの。服常樹があり、その上に三つの頭の人がいて、琅玕樹をねらっている」","開明の東。","","上古音：「巫」m i̯wo／m ǐwa／m juaɡ／m jwaɣ／m jag
上古音：「陽」d i̯aŋ／ʎ ǐaŋ／d jaŋ／r iaŋ／r ang","アイヌ語：巫陽
＝「ムィ(muy)・アク(ak)・テュ(tu)・アゥ(aw)・ウン(un)」＝「頂の・弟の（ように小さい）・峰の・角、枝分かれ・にある（ところ）」
or「ムィ(muy)・アク(ak)・リ(ri)・アゥ(aw)・ウン(un)」＝「頂の・弟の（ように小さい）・高い・角、枝分かれ・にある（ところ）」","jomon2_bnum68.html"
"海内西経","巫彭、巫抵、巫陽、巫履、巫凡、巫相、服常樹、琅玕樹","巫履","「開明の東には巫彭、巫抵、巫陽、巫履、巫凡、巫相がいて、窫窳（あつゆ）の尸をかこみ、みな父子の薬をもって、死期がせまるのふせいでいる。窫窳は蛇身人面、弐負の臣が殺したもの。服常樹があり、その上に三つの頭の人がいて、琅玕樹をねらっている」","開明の東。","","上古音：「巫」m i̯wo／m ǐwa／m juaɡ／m jwaɣ／m jag
上古音：「履」l i̯ər／l ǐei／l jed／l ier／l jidx","アイヌ語：巫履＝「ムィ(muy)・アク(ak)・リ(ri)・アッ(at)」＝「頂の・弟の（ように小さい）・高い（ところが）・たくさんある（ところ）」","jomon2_bnum68.html"
"海内西経","巫彭、巫抵、巫陽、巫履、巫凡、巫相、服常樹、琅玕樹","巫凡","「開明の東には巫彭、巫抵、巫陽、巫履、巫凡、巫相がいて、窫窳（あつゆ）の尸をかこみ、みな父子の薬をもって、死期がせまるのふせいでいる。窫窳は蛇身人面、弐負の臣が殺したもの。服常樹があり、その上に三つの頭の人がいて、琅玕樹をねらっている」","開明の東。","","上古音：「巫」m i̯wo／m ǐwa／m juaɡ／m jwaɣ／m jag
上古音：「凡」bʰ i̯wăm／b ǐwəm／bʰ juăm／b jwam／b jam","アイヌ語：巫凡＝「ムィ(muy)・アク(ak)・ピル(pir)・アム(am)」＝「頂の・弟の（ように小さい）・傷の（ように切り刻まれた）・爪（のように平べったく鋭い峰）」","jomon2_bnum68.html"
"海内西経","巫彭、巫抵、巫陽、巫履、巫凡、巫相、服常樹、琅玕樹","巫相","「開明の東には巫彭、巫抵、巫陽、巫履、巫凡、巫相がいて、窫窳（あつゆ）の尸をかこみ、みな父子の薬をもって、死期がせまるのふせいでいる。窫窳は蛇身人面、弐負の臣が殺したもの。服常樹があり、その上に三つの頭の人がいて、琅玕樹をねらっている」","開明の東。","","上古音：「巫」m i̯wo／m ǐwa／m juaɡ／m jwaɣ／m jag
上古音：「相」s i̯aŋ／s ǐaŋ／s jaŋ／s jaŋ／s jangh","アイヌ語：巫相＝「ムィ(muy)・アク(ak)・シル(sir)・アゥ(aw)・ウン(un)」＝「頂の・弟の（ように小さい）・山の・角、枝分かれ・にある（ところ）」","jomon2_bnum68.html"
"海内西経","巫彭、巫抵、巫陽、巫履、巫凡、巫相、服常樹、琅玕樹","窫窳","「開明の東には巫彭、巫抵、巫陽、巫履、巫凡、巫相がいて、窫窳（あつゆ）の尸をかこみ、みな父子の薬をもって、死期がせまるのふせいでいる。窫窳は蛇身人面、弐負の臣が殺したもの。服常樹があり、その上に三つの頭の人がいて、琅玕樹をねらっている」","開明の東。","","上古音：「窫」 kʰi̯ăt
上古音：「窳」- -／ʎ ǐwa／ɡ juaɡ／ɣr iwaɣ／gw／rjagx","アイヌ語：窫窳
＝「イ(i)・アッ(at)・キル(kir)・アク(ak)」＝「それが・たくさんある・山脚の・弟（のように小さいもの）」","jomon2_bnum68.html"
"海内西経","巫彭、巫抵、巫陽、巫履、巫凡、巫相、服常樹、琅玕樹","服常樹","「開明の東には巫彭、巫抵、巫陽、巫履、巫凡、巫相がいて、窫窳（あつゆ）の尸をかこみ、みな父子の薬をもって、死期がせまるのふせいでいる。窫窳は蛇身人面、弐負の臣が殺したもの。服常樹があり、その上に三つの頭の人がいて、琅玕樹をねらっている」","開明の東。","","上古音：「服」bʰ i̯ŭk／- -／bʰ juə̆k／b jwək／b jək
上古音：「常」ȡ i̯aŋ／ʑ ǐaŋ／ʑ jaŋ／d jaŋ／d jang
上古音：「樹」ȡ i̯u／ʑ ǐwɔ／ʑ juɡ／d jew／d jugh","アイヌ語：服常樹＝「ピル(pir)・アク(ak)・テュ(tu)・アゥ(aw)・ウン(un)・テュク(tuk)」＝「傷の（ように切り刻まれた）・弟の（ように小さい）・峰の・角、枝分かれ・にある・小山」","jomon2_bnum68.html"
"海内西経","巫彭、巫抵、巫陽、巫履、巫凡、巫相、服常樹、琅玕樹","琅玕樹","「開明の東には巫彭、巫抵、巫陽、巫履、巫凡、巫相がいて、窫窳（あつゆ）の尸をかこみ、みな父子の薬をもって、死期がせまるのふせいでいる。窫窳は蛇身人面、弐負の臣が殺したもの。服常樹があり、その上に三つの頭の人がいて、琅玕樹をねらっている」","開明の東。","","上古音：「琅」l ɑŋ／l aŋ／l ɑŋ／l aŋ／l ang
上古音：「玕」k ɑn／k an／k ɑn／k an／k an
上古音：「樹」ȡ i̯u／ʑ ǐwɔ／ʑ juɡ／d jew／d jugh","アイヌ語：琅玕樹
＝「ラン(ran)・ク(ku)・アゥ(aw)・ウン(un)・テュク(tuk)」＝「上から下に下る・矢の（ように鋭い峰の）・角、枝分かれ・にある・小山」
or「ル(ru)・アゥ(aw)・ウン(un)・ク(ku)・アゥ(aw)・ウン(un)・テュク(tuk)」＝「消えかかった（峰の）・角、枝分かれ・にある（ところ）・矢の（ように鋭い峰の）・角、枝分かれ・にある・小山」
※アイヌ語「ク＝弓」。中国大陸、朝鮮半島では「ク＝矢」の可能性。サハリン、シベリアのニヴフ（ギリヤーク）語も「ク＝矢」。","jomon2_bnum68.html"
"海内北経","蛇巫山、西王母、昆侖虚","蛇巫","（西山経）「さらに西へ三百五十里、玉山といい、ここは西王母の住むところ。西王母はその状、人のようで豹の尾、虎の歯でよく嘯（うそぶ）き、おとろの髪に玉の勝（かんざし）をのせ、天の厲（わざわい）と五残（五種類の刑罰）を司る」","","","上古音：「蛇」d ia／ʎ ǐai／d ja／r ia／r ar
上古音：「蛇」- -／- -／tʰ ɑ／tʰ a／th ar
上古音：「蛇」ʰ ia／ȡ iai／- -／- -／d jar
上古音：「巫」m i̯wo／m ǐwa／m juaɡ／m jwaɣ／m jag","アイヌ語：蛇巫＝「テュ(tu)・アゥ(aw)・ムィ(muy)・アク(ak)」＝「峰の・角、枝分かれの・頂の・弟（のように小さいもの）」","jomon2_bnum68.html"
"海内北経","蛇巫山、西王母、昆侖虚","西王母","（西山経）「さらに西へ三百五十里、玉山といい、ここは西王母の住むところ。西王母はその状、人のようで豹の尾、虎の歯でよく嘯（うそぶ）き、おとろの髪に玉の勝（かんざし）をのせ、天の厲（わざわい）と五残（五種類の刑罰）を司る」","","","","アイヌ語：西王母＝「シル(sir)・アッ(at)・キル(kir)・アゥ(aw)・ウン(un)・ム(mu)・アク(ak)」＝「山が・たくさんある・山脚の・角、枝分かれ・にある・ふさがっている・弟（のように小さいもの）」","jomon2_bnum68.html"
"海内北経","蛇巫山、西王母、昆侖虚","西母","（西山経）「さらに西へ三百五十里、玉山といい、ここは西王母の住むところ。西王母はその状、人のようで豹の尾、虎の歯でよく嘯（うそぶ）き、おとろの髪に玉の勝（かんざし）をのせ、天の厲（わざわい）と五残（五種類の刑罰）を司る」","","","上古音：「西」s iər／s iei／s ied／s er／s id
上古音：「王」ɡ i̯waŋ／ɣ ǐwaŋ／ɣ juaŋ／ɣ jwaŋ／gw jang
上古音：「母」m əɡ／m ə／m uə̩̂ɡ／m əɣ／m əgx","アイヌ語：西母＝「シル(sir)・アッ(at)・ム(mu)・アク(ak)」＝「山が・たくさんある・ふさがっている・弟（のように小さいもの）」※「西王母」殷墟の甲骨文字では「西母」","jomon2_bnum68.html"
"海内北経","蛇巫山、西王母、昆侖虚","昆侖虚","（西山経）「さらに西へ三百五十里、玉山といい、ここは西王母の住むところ。西王母はその状、人のようで豹の尾、虎の歯でよく嘯（うそぶ）き、おとろの髪に玉の勝（かんざし）をのせ、天の厲（わざわい）と五残（五種類の刑罰）を司る」","","","上古音：「昆」k wən／k uən／k uə̂n／k wən／kw ən
上古音：「侖」l i̯wən／l ǐwən／l juən／l iwən／l jən
上古音：「虛」kʰi̯wo／kʰĭo／kʰi̯o／kʰiɔ／kʰi̯aɡ","アイヌ語：昆侖虚＝「ク(ku)・アゥ(aw)・ウン(un)・レル(rer)・アゥ(aw)・ウン(un)・キル(kir)・アク(ak)」＝「矢の（ように鋭い）・角、枝分かれ・にある（ところ）・山陰、山向こうの・角、枝分かれ・にある・山脚の・弟（のように小さいもの）」
※アイヌ語「ク＝弓」。中国大陸、朝鮮半島では「ク＝矢」の可能性。サハリン、シベリアのニヴフ（ギリヤーク）語も「ク＝矢」。","jomon2_bnum68.html"
"海内北経","大行伯、犬封国、犬戎国、吉量","大行伯","「人あり、大行伯といい、戈をもつ。その東に犬封国あり、弐負の尸は大行伯の東にあり。犬封国は犬戎国ともいい、その状は犬のよう。ひとりの女子がいまし跪いて、酒食を進めている。文（あや）ある馬がいる。白い縞の身、朱い鬣（たてがみ）、目は黄金のよう。名は吉量。これに乗れば寿命千年という」","","","上古音：「大」tʰ ɑd, dʰ ɑd／d at／dʰ ɑd／d ar／d adh
上古音：「行」ɡʰ ɑŋ／ɣ aŋ／ɣ ɑŋ／ɡ aŋ／g angh
上古音：「行」ɡ ăŋ／ɣ eaŋ／ɣ ăŋ／ɡ raŋ／g rangh
上古音：「伯」p ăk／p eak／p uăk／p rwak／p rak","アイヌ語：大行伯＝「テュ(tu)・アッ(at)・キル(kir)・アゥ(aw)・ウン(un)・プ(pu)・アク(ak)」＝「峰が・たくさんある・山脚の・角、枝分かれ・にある・倉の（屋根のような三角山の）・弟（のように小さいもの）」","jomon2_bnum68.html"
"海内北経","大行伯、犬封国、犬戎国、吉量","犬封","「人あり、大行伯といい、戈をもつ。その東に犬封国あり、弐負の尸は大行伯の東にあり。犬封国は犬戎国ともいい、その状は犬のよう。ひとりの女子がいまし跪いて、酒食を進めている。文（あや）ある馬がいる。白い縞の身、朱い鬣（たてがみ）、目は黄金のよう。名は吉量。これに乗れば寿命千年という」","","","上古音：「犬」kʰ iwən／kʰ iwan／kʰ iuæn／kʰ ewan／khw ianx
上古音：「封」p i̯uŋ／p ǐwɔŋ／p juŋ／p jewŋ／p jung","アイヌ語：犬封＝「キル(kir)・アゥ(aw)・ウン(un)・ピル(pir)・ウン(un)」＝「山脚の・角、枝分かれ・にある・傷（のように切り刻まれた峰）・にある（ところ）」","jomon2_bnum68.html"
"海内北経","大行伯、犬封国、犬戎国、吉量","犬戎","「人あり、大行伯といい、戈をもつ。その東に犬封国あり、弐負の尸は大行伯の東にあり。犬封国は犬戎国ともいい、その状は犬のよう。ひとりの女子がいまし跪いて、酒食を進めている。文（あや）ある馬がいる。白い縞の身、朱い鬣（たてがみ）、目は黄金のよう。名は吉量。これに乗れば寿命千年という」","","","上古音：「戎」ȵ -／ȵ ǐuŋ／ȵ joŋ／n jəwŋ／n jəngw","アイヌ語：犬戎＝「ニ(ni)・アゥ(aw)・ウン(un)」＝「棒の（ように細長い峰の）・角、枝分かれ・にある（ところ）」","jomon2_bnum68.html"
"海内北経","大行伯、犬封国、犬戎国、吉量","吉量","「人あり、大行伯といい、戈をもつ。その東に犬封国あり、弐負の尸は大行伯の東にあり。犬封国は犬戎国ともいい、その状は犬のよう。ひとりの女子がいまし跪いて、酒食を進めている。文（あや）ある馬がいる。白い縞の身、朱い鬣（たてがみ）、目は黄金のよう。名は吉量。これに乗れば寿命千年という」","","","上古音：「吉」k i̯ĕt／k ǐet／k jet／k jiet／k jit
上古音：「量」l i̯aŋ／l ǐaŋ／l jaŋ／l iaŋ／l jang","アイヌ語：吉量＝「キル(kir)・アッ(at)・リ(ri)・アゥ(aw)・ウン(un)」＝「山脚が・たくさんある・高い・角、枝分かれ・にある（ところ）」","jomon2_bnum68.html"
"海内北経","鬼国、蜪犬、窮奇","鬼（国）","「鬼国は弐負の尸の北にあり、この物は、人面にして一つの目。蜪（とう）犬は犬の如くで青色。人を食い、首から（食い）はじめる。窮奇は状は虎の如く、翼があり、人を食うに首からはじめる。食われるものは神を振りみだしている。蜪犬の北にあり」","","","上古音：「鬼」k i̯wər／k ǐwəi／k juə̆d／k jiwər／kw jədx","アイヌ語：鬼（国）＝「キル(kir)・アッ(at)」＝「山が・たくさんある（ところ）」","jomon2_bnum68.html"
"海内北経","鬼国、蜪犬、窮奇","蜪犬","「鬼国は弐負の尸の北にあり、この物は、人面にして一つの目。蜪（とう）犬は犬の如くで青色。人を食い、首から（食い）はじめる。窮奇は状は虎の如く、翼があり、人を食うに首からはじめる。食われるものは神を振りみだしている。蜪犬の北にあり」","","","上古音：「蜪」- -／- -／ dʰ ôɡ／d əw／d əgw
上古音：「犬」kʰ iwən／kʰ iwan／kʰ iuæn／kʰ ewan／khw ianx","アイヌ語：蜪犬＝「テュ(tu)・アク(ak)・キル(kir)・アゥ(aw)・ウン(un)」＝「峰の・弟の（ように小さい）・山脚の・角、枝分かれ・にある（ところ）」","jomon2_bnum68.html"
"海内北経","鬼国、蜪犬、窮奇","窮奇（国）","「鬼国は弐負の尸の北にあり、この物は、人面にして一つの目。蜪（とう）犬は犬の如くで青色。人を食い、首から（食い）はじめる。窮奇は状は虎の如く、翼があり、人を食うに首からはじめる。食われるものは神を振りみだしている。蜪犬の北にあり」","","","上古音：「窮」ɡʰ -／g ǐuŋ／ɡʰ joŋ／ɡ jəwŋ／g jəngw
上古音：「奇」ɡʰ ia／g ǐai／ɡʰ ja／ɡ ia／g jar
上古音：「奇」k ia／k ǐai／k ja／k ia／k jar","アイヌ語：窮奇（国）＝「キル(kir)・アゥ(aw)・ウン(un)・キル(kir)・アゥ(aw)」＝「山脚の・角、枝分かれ・にある・山脚の・角、枝分かれ」","jomon2_bnum68.html"
"海内北経","大蠭、朱蛾、蟜、闒非、拠比尸、環狗、祙、戎","大蠭","「大蠭、その状は蠭（はち）の如く、朱蛾はその状、蛾のよう。蟜はその人となり虎の文あり。脛にふくらはぎあり。窮奇の東にあり。闒非は人面で獣身、青色。拠比尸はその人となり、頸が折れ、神をふりみだし、片手なし。環狗はその人となり、獣の首に人の身。袜というものは人身で黒い首、従（たて）の目。戎はその人となり人の首で三つの角」","","","上古音：「大」tʰ ɑd／dʰ ɑd／d at／dʰ ɑd／d ar／d adh
上古音：「蠭」- -／- -／pʰ juŋ／pʰ jewŋ／ph jung","アイヌ語：大蠭＝「テュ(tu)・アッ(at)・ピル(pir)・ウン(un)」＝「峰が・たくさんある・傷（のように切り刻まれたもの）・にある（ところ）」","jomon2_bnum68.html"
"海内北経","大蠭、朱蛾、蟜、闒非、拠比尸、環狗、祙、戎","朱蛾","「大蠭、その状は蠭（はち）の如く、朱蛾はその状、蛾のよう。蟜はその人となり虎の文あり。脛にふくらはぎあり。窮奇の東にあり。闒非は人面で獣身、青色。拠比尸はその人となり、頸が折れ、神をふりみだし、片手なし。環狗はその人となり、獣の首に人の身。袜というものは人身で黒い首、従（たて）の目。戎はその人となり人の首で三つの角」","","","上古音：「朱」ȶ i̯u／ȶ ǐwɔ／ȶ juɡ／t jew／t jug
上古音：「蛾」ŋ ɑ／ŋ ai／ŋ ɑ／ŋ a／ng ar
上古音：「蛾」ŋ ia／- -／ŋ ja／- -／ng jarx","アイヌ語：朱蛾＝「テュク(tuk)・キル(kir)・アゥ(aw)」＝「小山の・山脚の・角、枝分かれ」","jomon2_bnum68.html"
"海内北経","大蠭、朱蛾、蟜、闒非、拠比尸、環狗、祙、戎","蟜","「大蠭、その状は蠭（はち）の如く、朱蛾はその状、蛾のよう。蟜はその人となり虎の文あり。脛にふくらはぎあり。窮奇の東にあり。闒非は人面で獣身、青色。拠比尸はその人となり、頸が折れ、神をふりみだし、片手なし。環狗はその人となり、獣の首に人の身。袜というものは人身で黒い首、従（たて）の目。戎はその人となり人の首で三つの角」","","","上古音：「蟜」- -／- -／ɡʰ jɔ̆ɡ／- -／g jagw
上古音：「蟜」- -／- -／k jɔ̆ɡɡ／k iawɡ／k jagwx","アイヌ語：蟜＝「キル(kir)・アク(ak)」＝「山脚の・弟（のように小さいもの）」","jomon2_bnum68.html"
"海内北経","大蠭、朱蛾、蟜、闒非、拠比尸、環狗、祙、戎","闒非","「大蠭、その状は蠭（はち）の如く、朱蛾はその状、蛾のよう。蟜はその人となり虎の文あり。脛にふくらはぎあり。窮奇の東にあり。闒非は人面で獣身、青色。拠比尸はその人となり、頸が折れ、神をふりみだし、片手なし。環狗はその人となり、獣の首に人の身。袜というものは人身で黒い首、従（たて）の目。戎はその人となり人の首で三つの角」","","","上古音：「闒」- -／- -／dʰ ɑp／d ap／d ap
上古音：「非」p i̯wər／p ǐwəi／p juə̆d／p jiwər／p jəd","アイヌ語：闒非＝「テュ(tu)・アプ(ap)・ピル(pir)・アッ(at)」＝「峰の・釣り針の（ように曲がった）・傷（のように切り刻まれたもの）が・たくさんある（ところ）」","jomon2_bnum68.html"
"海内北経","大蠭、朱蛾、蟜、闒非、拠比尸、環狗、祙、戎","拠比","「大蠭、その状は蠭（はち）の如く、朱蛾はその状、蛾のよう。蟜はその人となり虎の文あり。脛にふくらはぎあり。窮奇の東にあり。闒非は人面で獣身、青色。拠比尸はその人となり、頸が折れ、神をふりみだし、片手なし。環狗はその人となり、獣の首に人の身。袜というものは人身で黒い首、従（たて）の目。戎はその人となり人の首で三つの角」","","","上古音：「據」k i̯waɡ／k ǐa／k jaɡ／k jaɣ／k jagh
上古音：「比」p i̯ər／p ǐei／p jed／p jier／p jidx
上古音：「比」bʰ i̯ər／b ǐei／bʰ jed／b jier／b jidh","アイヌ語：拠比＝「キル(kir)・アク(ak)・ピル(pir)・アッ(at)」＝「山脚の・弟の（ように小さい）・傷（のように切り刻まれたもの）が・たくさんある（ところ）」","jomon2_bnum68.html"
"海内北経","大蠭、朱蛾、蟜、闒非、拠比尸、環狗、祙、戎","袜","「大蠭、その状は蠭（はち）の如く、朱蛾はその状、蛾のよう。蟜はその人となり虎の文あり。脛にふくらはぎあり。窮奇の東にあり。闒非は人面で獣身、青色。拠比尸はその人となり、頸が折れ、神をふりみだし、片手なし。環狗はその人となり、獣の首に人の身。袜というものは人身で黒い首、従（たて）の目。戎はその人となり人の首で三つの角」","","","上古音：「襪」- -／m ǐwat ／- -／- -／- -","アイヌ語：袜＝「ムィ(muy)・アッ(at)」＝「頂が・たくさんある（ところ）」","jomon2_bnum68.html"
"海内北経","大蠭、朱蛾、蟜、闒非、拠比尸、環狗、祙、戎","戎","「大蠭、その状は蠭（はち）の如く、朱蛾はその状、蛾のよう。蟜はその人となり虎の文あり。脛にふくらはぎあり。窮奇の東にあり。闒非は人面で獣身、青色。拠比尸はその人となり、頸が折れ、神をふりみだし、片手なし。環狗はその人となり、獣の首に人の身。袜というものは人身で黒い首、従（たて）の目。戎はその人となり人の首で三つの角」","","","上古音：「戎」ȵ -／ȵ ǐuŋ／ȵ joŋ／n jəwŋ／n jəngw","アイヌ語：戎＝「ニ(ni)・アゥ(aw)・ウン(un)」＝「棒の（ように細長い）・角、枝分かれ・にある（ところ）」","jomon2_bnum68.html"
"海内東経","雷澤、雷神","雷","「雷澤の中に雷神あり、龍身で人頭、その腹をたたく。呉の西にあり」","山東省菏沢市鄄城県。","","上古音：「雷」l wər／l uəi／l uə̂d／l wər／l əd
上古音：「澤」dʰ ăk／d eak／dʰ ăk／d rak／d rak","アイヌ語：雷＝「ル(ru)・アッ(at)・テュ(tu)・アク(ak)」＝「消えかかった・たくさんある・峰の・弟（のように小さいもの）」","jomon2_bnum68.html"
"海内東経","雷澤、雷神","雷神","「雷澤の中に雷神あり、龍身で人頭、その腹をたたく。呉の西にあり」","山東省菏沢市鄄城県。","","上古音：「雷」l wər／l uəi／l uə̂d／l wər／l əd
上古音：「神」ʰ i̯ĕn／ȡ ǐen／ȡʰ jen／zd jien／d jin","アイヌ語：雷神＝「ル(ru)・アッ(at)・テュ(tu)・エ(e)・エン(en)」＝「消えかかった・たくさんある・峰が・そこで・突き出ている（ところ）」","jomon2_bnum68.html"
"海内東経","琅邪臺","琅邪臺","「琅邪臺は渤海のほとり。琅邪の東にあり」","現在の山東省青島市黄島区。","","","アイヌ語：琅邪臺
＝「ラン(ran)・キル(kir)・アク(ak)・テュ(tu)・アク(ak)」＝「上から下に下る・山脚の・弟（のように小さいもの）・峰の・弟」
or「ラン(ran)・リ(ri)・アク(ak)・テュ(tu)・アク(ak)」＝「上から下に下る・高い・弟（のように小さいもの）・峰の・弟」","jomon2_bnum68.html"
"海内東経","琅邪臺","琅邪","「琅邪臺は渤海のほとり。琅邪の東にあり」","現在の山東省青島市黄島区。","","上古音：「琅」l ɑŋ／l aŋ／l ɑŋ／l aŋ／l ang
上古音：「邪」z i̯ɔ／ʎ ia／ɡ jăɡ／ɣr aɣ／g rjiag
上古音：「邪」dz i̯ɔ／z ia／z jăɡ／r jiaɣ／sg jiag
上古音：「臺」dʰ əɡ／d ə／dʰ ə̂ɡ／d əɣ／d əg","アイヌ語：琅邪
＝「ラン(ran)・キル(kir)・アク(ak)」＝「上から下に下る・山脚の・弟（のように小さいもの）」
＝「ラン(ran)・リ(ri)・アク(ak)」＝「上から下に下る・高い・弟（のように小さいもの）」","jomon2_bnum68.html"
"海内東経","都州、韓鴈、始鳩、轅厲","都州","「都州は海中にあり。＜中略＞韓鴈は海中にあり。都州の南。始鳩は海中にあり。轅厲（韓鴈）の南」","不明","","上古音：「都」t o／t a／t ɑɡ／t aɣ／t ag
上古音：「州」tɕ ／ȶ ǐ u／ȶ jŏ ɡ／t jəw／t jəgw","アイヌ語：都州＝「テュ(tu)・アク(ak)・テュ(tu)・アク(ak)」＝「峰の・弟（のように小さいもの）・峰の・弟」※たくさんの小さな峰。","jomon2_bnum68.html"
"海内東経","都州、韓鴈、始鳩、轅厲","韓鴈","「都州は海中にあり。＜中略＞韓鴈は海中にあり。都州の南。始鳩は海中にあり。轅厲（韓鴈）の南」","不明","","上古音：「韓」ɡʰ ɑn／ɣ an／- -／ɡ an／- -
上古音：「鴈」ŋ an／ŋ ean／ŋ an／ŋ ran／ng ranh","アイヌ語：韓鴈＝「キル(kir)・アゥ(aw)・ウン(un)・キル(kir)・アゥ(aw)・ウン(un)」＝「山脚の・角、枝分かれ・にある（ところ）・山脚の・角、枝分かれ・にある（ところ）」※たくさん枝分れた山脚。","jomon2_bnum68.html"
"海内東経","都州、韓鴈、始鳩、轅厲","始鳩","「都州は海中にあり。＜中略＞韓鴈は海中にあり。都州の南。始鳩は海中にあり。轅厲（韓鴈）の南」","不明","","上古音：「始」ɕ i̯əɡ／ɕ ǐə／ɕ jəɡ／stʰ jiəɣ／sth jəgx
上古音：「鳩」k -／k ǐu／k jŏɡ／k jəw／k jəgw","アイヌ語：始鳩＝「シル(sir)・アク(ak)・キル(kir)・アク(ak)」＝「山の・弟（のように小さいもの）・山脚の・弟」","jomon2_bnum68.html"
"海内東経","都州、韓鴈、始鳩、轅厲","轅厲","「都州は海中にあり。＜中略＞韓鴈は海中にあり。都州の南。始鳩は海中にあり。轅厲（韓鴈）の南」","不明","","上古音：「轅」ɡ i̯wăn／ɣ ǐwan／ɣ juăn／ɣ jwan／gw jan
上古音：「厲」l i̯ad／l ǐat／l jæd／l iar／l jadh","アイヌ語：轅厲＝「キル(kir)・アゥ(aw)・ウン(un)・リ(ri)・アッ(at)」＝「山脚の・角、枝分かれ・にある・高い（ところが）・たくさんある（ところ）」","jomon2_bnum68.html"
"海内東経","会稽、楚","会稽","「会稽山は偉大なる楚の南にあり」","会稽。","","上古音：「會」ɡʰ wɑd／ɣ uat／ɣ uɑd／ɡ war／gw adh
上古音：「會」k wɑd／k uat／k uɑd／k war／kw adh
上古音：「稽」k iər／kʰ iei／kʰ ied／kʰ er／kh idx","アイヌ語：会稽＝「ク(ku)・アッ(at)・キル(kir)・アッ(at)
※アイヌ語「ク＝弓」。中国大陸、朝鮮半島では「ク＝矢」の可能性。サハリン、シベリアのニヴフ（ギリヤーク）語も「ク＝矢」。","jomon2_bnum68.html"
"海内東経","会稽、楚","楚","「会稽山は偉大なる楚の南にあり」","会稽。","","上古音：「楚」tʂʰ i̯o／tʃʰ ǐa／tsʰ aɡ／tsʰ iaɣ／tsh rjagx","アイヌ語：楚＝「テュ(tu)・アク(ak)」＝「峰の・弟」","jomon2_bnum68.html"
"西山首経","錢來の山","錢來の山","「西山経、華山の首（はじめ）は錢來の山といい、頂上には松が多く、ふもとには洗石が多い」","","「太華の山＝華山」の東方【「山海経記載105里」×0.21＝28.4 km】の山","上古音：「錢」dzʰ i̯an／dz ǐan／dzʰ jæn／dz jian／dz jan
上古音：「錢」 ts i̯an／ts ǐan／ts jæn／ts jian／ts janx
上古音：「來」l əɡ／l ə／l ə̂ɡ／l əɣ／l əg","アイヌ語：錢來の山＝「テュ(tu)・アゥ(aw)・ウン(un)・ル(ru)・アク(ak)」＝「峰の・角、枝分かれ・にある・消えかかった・弟（のように小さいもの）」","jomon2_bnum68.html"
"西山首経","錢來の山／羬羊","羬羊","「獣がいる。その状は羊の如くで馬の尾。名は羬羊（大羊）。その脂は腊（せき：ひび）をいやすによろし」","","","上古音：「咸」ɡʰ æm／ɣ eəm／ɣ əm／ɡ rəm／g rəm
上古音：「羊」z i̯aŋ／ʎ ǐaŋ／ɡ jaŋ／ɣr iaŋ／r ang","アイヌ語：羬羊＝「キル(kir)・アム(am)・キル(kir)・アゥ(aw)・ウン(un)」＝「山脚の・爪の（ように平べったく鋭い）・山脚の・角、枝分かれ・にある（ところ）」","jomon2_bnum68.html"
"西山首経","松果の山","松果","「西へ四十五里。松果の山といい、濩水ながれ北流して渭水に注ぐ。水中に銅が多い」","","「太華の山＝華山」の東方【「山海経記載60里」×0.21＝12.6 km】の山","上古音：「松」dz i̯uŋ／z ǐwɔŋ／z juŋ／r jewŋ／sg jung
上古音：「果」 kl wɑr／k uai／k uɑ／k wa／kw arx","アイヌ語：松果＝「テュン(tun)・ク(ku)・アゥ(aw)」＝「間の・矢の（ように鋭い峰の）・角、枝分かれ」
※アイヌ語「ク＝弓」。中国大陸、朝鮮半島では「ク＝矢」の可能性。サハリン、シベリアのニヴフ（ギリヤーク）語も「ク＝矢」。","jomon2_bnum68.html"
"西山首経","松果の山／䳋渠","䳋渠","「鳥がいる。その名は䳋渠。その状は山雉の如く、黒い身、赤い脚、𦢊（はく：あかぎれ）をいやすによろし」","","","上古音：「鳥」t ／t iu／t ioɡ／t eəw／t iəgwx
上古音：「渠」- ɡʰ i̯o／g ǐa／ɡʰ jaɡ／ɡ jaɣ／g jag","アイヌ語：䳋渠＝「テュ(tu)・アク(ak)・キル(kir)・アク(ak)」＝「峰の・弟（のように小さいもの）・山脚の・弟」","jomon2_bnum68.html"
"西山首経","太華の山","太華","「さらに西へ六十里。太華の山（西嶽）といい、削りあげたようで四角。その高さは五千仞。その広さは十里。鳥獣住むことなし」","","","上古音：「太」tʰ ɑd／tʰ at／- -／tʰ ar／- -
上古音：「華」ɡʰ wɔ／ɣ oa／ɣ uăɡ／ɡ rwaɣ／gw ragh
上古音：「華」- -／h oa／x uăɡ／x rwaɣ／hw rag","アイヌ語：太華
＝「テュ(tu)・アッ(at)・キル(kir)・アク(ak)」＝「峰が・たくさんある・山脚の・弟（のように小さいもの）」
or「テュ(tu)・アッ(at)・シル(sir)・アク(ak)」＝「峰が・たくさんある・山の・弟（のように小さいもの）」","jomon2_bnum68.html"
"西山首経","太華の山／肥𧔥","肥𧔥","「蛇がいる。名は肥𧔥。六つの足。四つの翼。これが現れると天下おおいに旱する」","","","上古音：「肥」bʰ i̯wər／b ǐwəi／bʰ juə̆d／b jiwər／b jəd
上古音：「遺」ɡ i̯wæd／ʎ ǐwəi／ɡ juəd／ɣr iwər／gw rjəd
上古音：「遺」- -／ʎ ǐwəi／ɡ juəd／- -／gw rjədh","アイヌ語：肥𧔥＝「ピル(pir)・アッ(at)・キル(kir)・アッ(at)」＝「傷（のように切り刻まれた峰）が・たくさんある・山脚が・たくさんある（ところ）」","jomon2_bnum68.html"
"西山首経","小華の山","小華","「さらに西へ八十里、小華の山といい、山の木には茨・杞が多く、獣には㸲牛（さくぎゅう：野牛）が多い」","","「太華の山＝華山」の西方【「山海経記載80里」×0.21＝16.8 km】の山","上古音：「小」s i̯oɡ／s ǐau／s jɔɡ／s jiaw／s jagwx
上古音：「華」ɡʰ wɔ／ɣ oa／ɣ uăɡ／ɡ rwaɣ／gw ragh
上古音：「華」- -／h oa／x uăɡ／x rwaɣ／hw rag","アイヌ語：小華
＝「シル(sir)・アク(ak)・キル(kir)・アク(ak)」＝「山の・弟（のように小さいもの）・峰の・弟」
or「シル(sir)・アク(ak)・シル(sir)・アク(ak)」＝「山の・弟（のように小さいもの）・山の・弟」※たくさんの小さい山。","jomon2_bnum68.html"
"西山首経","符禺の山","符禺","「さらに西へ八十里、符禺の山といい、山の南には銅が多く、北には、鉄が多い。＜中略＞符禺の水ながれて北流して渭に注ぐ」","","「太華の山＝華山」の西方【「山海経記載160里」×0.21＝33.6 km】の山","上古音：「符」bʰ i̯u／b ǐwɔ／bʰ juɡ／b jew／b jug
上古音：「禺」ŋ i̯u／ŋ ǐwɔ／ŋ juɡ／ŋ jew／ng jug
上古音：「禺」ŋ i̯u／- -／ŋ juɡ／ŋ jew／ng jugh","アイヌ語：符禺＝「ピル(pir)・ク(ku)・キル(kir)・ク(ku)」＝「傷の（ように切り刻まれた）・矢（のように鋭い峰）・山脚の・矢」
※アイヌ語「ク＝弓」。中国大陸、朝鮮半島では「ク＝矢」の可能性。サハリン、シベリアのニヴフ（ギリヤーク）語も「ク＝矢」。","jomon2_bnum68.html"
"西山首経","符禺の山／葱聾","葱聾","「獣には葱聾が多く、その状は羊の如くで赤い鬣（たてがみ）」","","","上古音：「葱」tsʰ uŋ／tsʰ ɔŋ／tsʰ ûŋ／tsʰ ewŋ／tsh ung
上古音：「聾」l uŋ／l ɔŋ／l ûŋ／l ewŋ／l ung","アイヌ語：葱聾＝「テュン(tun)・ル(ru)・アゥ(aw)・ウン(un)」＝「間の・消えかかった・角、枝分かれ・にある（ところ）」
※アイヌ語「ク＝弓」。中国大陸、朝鮮半島では「ク＝矢」の可能性。サハリン、シベリアのニヴフ（ギリヤーク）語も「ク＝矢」。","jomon2_bnum68.html"
"西山首経","符禺の山／鴖","鴖","「鳥には鴖が多く、その状は翠（かわせみ）の如くで赤い喙（くちさき）。これを飼うと火をふせぐによろし」","","","上古音：「民」m i̯ən, i̯ĕn／m ǐen／m jen／m jien／m jiən, jin","アイヌ語：鴖＝「ムィ(muy)・エ(e)・エン(en)」＝「頂が・そこで・突き出ている（ところ）」","jomon2_bnum68.html"
"西山首経","石脆の山","石脆","「さらに西へ六十里、石脆の山といい、山の木には椶樹（しゅろのき）が多い」","","「太華の山＝華山」の西方【「山海経記載220里」×0.21＝46.2 km】の山","上古音：「石」ȡ i̯ăk／ʑ iak／- -／d jiak／d jiak
上古音：「脆」tsʰ i̯wad／tsʰ ǐwat／tsʰ juæd／tsʰ jiwar／tsh juadh","アイヌ語：石脆＝「テュ(tu)・アク(ak)・テュ(tu)・アッ(at)」＝「峰の・弟（のように小さい）・峰が・たくさんある（ところ）」","jomon2_bnum68.html"
"西山首経","英山","英山","「さらに西へ七十里、英山といい、頂上には杻（ちゅう：もちのき）・橿（きょう：かしのき）が多く、山の北には鉄が多く、南には赤金が多い」","","「太華の山＝華山」の西方【「山海経記載290里」×0.21＝60.9km】の山","上古音：「英」ʔ i̯ăŋ／0 iaŋ／ʔ jăŋ／ʔ iaŋ／· jiang
上古音：「山」s ăn／ʃ ean／-／s rian／s rian","アイヌ語：英山＝「イ(i)・アゥ(aw)・ウン(un)・シル(sir)・アゥ(aw)・ウン(un)」＝「その・角、枝分かれ・にある（ところ）・山の・角、枝分かれ・にある（ところ）」","jomon2_bnum68.html"
"西山首経","英山／䰷魚","䰷魚","「禺水ながれて北流し招水に注ぐ。水中に䰷魚が多く、その状は鼈（すっぽん）の如く、その声は羊のよう。＜中略＞鳥がいる。その状は鶉の如く、黄色い身で赤い喙。その名は肥遺」","","","上古音：「丰」pʰ i̯uŋ／pʰ ǐwɔŋ／pʰ juŋ／pʰ jewŋ／ph jung
上古音：「魚」ŋ i̯o／ŋ ǐa／ŋ jaɡ／ŋ jaɣ／ng jag","アイヌ語：䰷魚＝「ピル(pir)・ウン(un)・キル(kir)・アク(ak)」＝「傷（のように切り刻まれた峰）・にある・山脚の・弟（のように小さいもの）」","jomon2_bnum68.html"
"西山首経","英山／䰷魚","肥遺","「禺水ながれて北流し招水に注ぐ。水中に䰷魚が多く、その状は鼈（すっぽん）の如く、その声は羊のよう。＜中略＞鳥がいる。その状は鶉の如く、黄色い身で赤い喙。その名は肥遺」","","","上古音：「肥」bʰ i̯wər／b ǐwəi／bʰ juə̆d／b jiwər／b jəd
上古音：「遺」ɡ i̯wæd／ʎ ǐwəi／ɡ juəd／ɣr iwər／gw rjəd
上古音：「遺」- -／ʎ ǐwəi／ɡ juəd／- -／gw rjədh","アイヌ語：肥遺＝「ピル(pir)・アッ(at)・キル(kir)・アッ(at)」＝「傷（のように切り刻まれた峰）が・たくさんある・山脚が・たくさんある（ところ）」","jomon2_bnum68.html"
"西山首経","竹山","竹山","「さらに西へ五十二里、竹山といい、頂上には高い木が多く、山の北には鉄が多い」","","「太華の山＝華山」の西方【「山海経記載342里」×0.21＝71.8 km】の山","上古音：「竹」t -／t ǐuk／t jok／t iəwk／t rjəkw
上古音：「山」s ăn／ʃ ean／- -／s rian／s rian","アイヌ語：竹山＝「テュ(tu)・アク(ak)・シル(sir)・アゥ(aw)・ウン(un)」＝「峰の・弟の（ように小さい）・山の・角、枝分かれ・にある（ところ）」","jomon2_bnum68.html"
"西山首経","竹山／豪彘","豪彘","「獣がいる。その状は豚の如くで白い毛。大きさは笄（かんざし）の如くで毛の端は黒い。名は豪彘」","","","上古音：「豪」ɡʰ oɡ／ɣ au／ɣ ɔ̂ɡ／ɡ aw／g agw
上古音：「彘」dʰ i̯ad／d ǐet／- -／- -／- -","アイヌ語：豪彘＝「キル(kir)・アク(ak)・テュ(tu)・アッ(at)」＝「山脚の・弟の（ように小さい）・峰が・たくさんある（ところ）」","jomon2_bnum68.html"
"西山首経","浮山","浮山","「さらに西へ百二十里、浮山という。肦（はん）木多く、のこぎり葉であるが傷（とげ）はなく、木の中に虫がいる」","","「太華の山＝華山」の西方【「山海経記載462里」×0.21＝97.02 km】の山","上古音：「浮」bʰ -／b ǐu／bʰ jŏɡ／b jəw／b jəgw
上古音：「山」s ăn／ʃ ean／-／s rian／s rian","アイヌ語：浮山＝「ピル(pir)・アク(ak)・シル(sir)・アゥ(aw)・ウン(un)」＝「傷の（ように切り刻まれた）・弟の（ように小さい）・山の・角、枝分かれ・にある（ところ）」","jomon2_bnum68.html"
"西山首経","羭次の山","羭次","「さらに西へ七十里、羭次の山といい、漆水ながれ北流して渭に注ぐ。頂上には棫（たらのき）・橿（かしのき）が多く、麓には竹・箭が多い。山の北には赤銅多く、南には嬰垣の玉が多い」","","「大時の山＝太白山」の東方【「山海経記載500里」×0.21＝105 km】の山","上古音：「羭」d i̯u／- -／- -／r iew／- -
上古音：「次」tsʰ i̯ər／tsʰ ǐei／tsʰ jed／tsʰ jier／tsh jidh","アイヌ語：羭次＝「リ(ri)・アゥ(aw)・テュ(tu)・アッ(at)」＝「高い・角、枝分かれの・峰が・たくさんある（ところ）」","jomon2_bnum68.html"
"西山首経","羭次の山／嚻","嚻","「獣がいる。その状は禺（さる）の如くで長い臂（かいな）。よく投げる。その名は嚻」","","","上古音：「嚻」x i̯oɡ／h ǐau／x jɔ̆ɡ／x iaw／h jagw","アイヌ語：嚻＝「シル(sir)・アク(ak)」＝「山の・弟（のように小さいもの）」","jomon2_bnum68.html"
"西山首経","羭次の山／橐𩇯","橐𩇯","「鳥がいる。その状は梟の如く、人面で一つの足。橐𩇯という。冬にあらわれ、夏はかくれる。（その羽をつけると）雷もこわくない」","","","上古音：「橐」tʰ ɑk／tʰ ak／tʰ ɑk／tʰ ak／th ak
上古音：「非」p i̯wər／p ǐwəi／p juə̆d／p jiwər／p jəd","アイヌ語：橐𩇯＝「タク(tak)・ピル(pir)・アッ(at)」＝「石の・傷（のように切り刻まれたもの）が・たくさんある（ところ）」","jomon2_bnum68.html"
"西山首経","時山","時山","「さらに西へ百五十里、時山といい、草木なし。逐水ながれ、北流して渭に注ぐ。」","","「大時の山＝太白山」の東方【「山海経記載350里」×0.21＝73.5 km】の山","上古音：「時」ȡ i̯əɡ／ʑ ǐə／ʑ jəɡ／d jiəɣ／d jəg
上古音：「山」s ăn／ʃ ean／-／s rian／s rian","アイヌ語：時山＝「テュ(tu)・アク(ak)・シル(sir)・アゥ(aw)・ウン(un)」＝「峰の・弟の（ように小さい）・山の・角、枝分かれ・にある（ところ）」","jomon2_bnum68.html"
"西山首経","南山","南山","「さらに西へ百七十里、南山といい、頂上には丹粟（たんしゃ）が多い。丹水がながれ北流して渭に注ぐ。」","","「大時の山＝太白山」の東方【「山海経記載180里」×0.21＝37.8 km】の山","上古音：「南」n əm／n əm／n ə̂m／n əm／n əm
上古音：「山」s ăn／ʃ ean／-／s rian／s rian","アイヌ語：南山＝「ニ(ni)・アム(am)・シル(sir)・アゥ(aw)・ウン(un)」＝「棒の（ように細長い）・爪の（ように平べったく鋭い）・山の・角、枝分かれ・にある（ところ）」","jomon2_bnum68.html"
"西山首経","大時の山","大時","「さらに西へ百八十里。大時の山といい、頂上には穀（こうぞ）、柞（ははそ）が多く、麓には杻・橿が多い。北には銀が多く、南には白玉が多い。涔水（しんすい）ながれ北流して渭に注ぐ。清水ながれ南流して漢水に注ぐ」","","","上古音：「大」tʰ ɑd, dʰ ɑd／d at／dʰ ɑd／d ar／d adh
上古音：「時」ȡ i̯əɡ／ʑ ǐə／ʑ jəɡ／d jiəɣ／d jəg","アイヌ語：大時＝「テュ(tu)・アッ(at)・テュ(tu)・アク(ak)」＝「峰が・たくさんある・峰の・弟（のように小さいもの）」","jomon2_bnum68.html"
"西山首経","大時の山","太乙（※大時の別名『史記』）","「さらに西へ百八十里。大時の山といい、頂上には穀（こうぞ）、柞（ははそ）が多く、麓には杻・橿が多い。北には銀が多く、南には白玉が多い。涔水（しんすい）ながれ北流して渭に注ぐ。清水ながれ南流して漢水に注ぐ」","","","上古音：「太」tʰ ɑd／tʰ at／- -／tʰ ar／- -
上古音：「乙」ʔ i̯æt／0 ǐet／ʔ jət／ʔ iət／· jət","アイヌ語：太乙（※大時の別名『史記』）＝「テュ(tu)・アッ(at)・イ(i)・アッ(at)」＝「峰が・たくさんある・それが・たくさんある（ところ）」","jomon2_bnum68.html"
"西山首経","大時の山","太白","「さらに西へ百八十里。大時の山といい、頂上には穀（こうぞ）、柞（ははそ）が多く、麓には杻・橿が多い。北には銀が多く、南には白玉が多い。涔水（しんすい）ながれ北流して渭に注ぐ。清水ながれ南流して漢水に注ぐ」","","","隋唐音：「太」tʰ ɑi／tʰ ɑi／tʰ ɑi／tʰ ɑi／th âi／tʰ ai
隋唐音：「白」bʰ ɐk／b ɐk／bʰ ɐk／b ak／b ɐk／bʰ ak","アイヌ語：太白＝「テュ(tu)・アィ(ay)・バケ(pake)」＝「峰の・矢の（ように鋭い）・岬」","jomon2_bnum68.html"
"西山首経","嶓冢の山","嶓冢","「さらに西へ三百二十里。嶓冢の山といい、漢水ながれて東南流し、沔江（べんこう）に注ぐ。嚻水ながれ北流して湯水に注ぐ」","","「大時の山＝太白山」の西方【「山海経記載320里」×0.25＝80.0 km】の山","上古音：「幡」pʰ i̯wăn／pʰ ǐwan／pʰ juăn／pʰ jwan／ph jan
上古音：「冢」t i̯uŋ／t ǐwɔŋ／t juŋ／t iewŋ／t rjungx","アイヌ語：嶓冢＝「ピル(pir)・アゥ(aw)・ウン(un)・テュン(tun)」＝「傷の（ように切り刻まれた）・角、枝分かれ・にある・山間」","jomon2_bnum68.html"
"西山首経","天帝の山","天帝","「さらに西へ三百五十里。天帝の山といい、頂上には椶（しゅろ）、枏（くすのき）が多く、麓には菅、蕙（けい：かおりぐさ）が多い」","","","上古音：「天」tʰ ien／tʰ ien／tʰ ien／tʰ en／th in
上古音：「帝」t ieɡ／t ie／t ieɡ／t eɣ／t igh","アイヌ語：天帝＝「テュ(tu)・エ(e)・エン(en)・テュ(tu)・アク(ak)」＝「峰が・そこで・突き出ている・峰の・弟（のように小さいもの）」","jomon2_bnum68.html"
"西山首経","天帝の山","麦積","「さらに西へ三百五十里。天帝の山といい、頂上には椶（しゅろ）、枏（くすのき）が多く、麓には菅、蕙（けい：かおりぐさ）が多い」","","","上古音：「麥」m wæk／m eək／m uək／m rwək／m rək
上古音：「積」ts i̯ĕɡ／ts ǐe／ts jeɡ／ts jieɣ／ts jigh
上古音：「積」ts i̯ĕk／ts ǐek／ts jek／ts jiek／ts jik","アイヌ語：麦積＝「ム(mu)・アク(ak)・テュ(tu)・アク(ak)」＝「ふさがっている・弟（のように小さいもの）・峰の・弟」","jomon2_bnum68.html"
"西山首経","皐塗の山","皐塗","「西南へ三百八十里、皐塗の山といい、薔水ながれ西流して、諸資の水に注ぐ。塗水ながれ南流して集獲の水に注ぐ」","","「天帝の山＝麦積山」の西南方【「山海経記載380里」×0.25＝95.0 km】の山","上古音：「皋」k -／k u／k ôɡ／k əw／k əgw
上古音：「塗」dʰ o／d a／- -／d aɣ／- -","アイヌ語：皐塗＝「ク(ku)・アク(ak)・テュ(tu)・アク(ak)」＝「矢の（ように鋭い）・弟（のように小さいもの）・峰の・弟」
※アイヌ語「ク＝弓」。中国大陸、朝鮮半島では「ク＝矢」の可能性。サハリン、シベリアのニヴフ（ギリヤーク）語も「ク＝矢」。","jomon2_bnum68.html"
"西山首経","皐塗の山／𤣎如","𤣎如","「獣がいる。その状は鹿の如くで白い尾、馬の足、人の手、四つの角、名は𤣎如」","","","上古音：「嬰」ʔ i̯ĕŋ／0 ǐeŋ／ʔ jeŋ／ʔ jieŋ／· jing
上古音：「如」ȵ i̯o／ȵ ǐa／ȵ jaɡ／n jaɣ／n jag","アイヌ語：𤣎如＝「イ(i)・エ(e)・エン(en)・ニ(ni)・アク(ak)」＝「それが・そこで・突き出ている・棒の（ように細長い峰）の・弟（のように小さいもの）」","jomon2_bnum68.html"
"西山首経","皐塗の山／数斯","𤣎如","「鳥がいる。その状は鴟のごとくで人の足。名は数斯。これを食うと癭（えい：首のこぶ）によろし」","","","上古音：「數」sl i̯u／ʃ ǐwɔ／s uɡ／s iew／sl jugh
上古音：「數」s ŭk／ʃ eɔk／s uk／s rewk／sl uk
上古音：「斯」s i̯ĕɡ／s ǐe／s jeɡ／s jieɣ／s jig","アイヌ語：𤣎如＝「シル(sir)・ク(ku)・シル(sir)・アク(ak)」＝「山の・矢の（ように鋭い）・山の・弟（のように小さいもの）」
※アイヌ語「ク＝弓」。中国大陸、朝鮮半島では「ク＝矢」の可能性。サハリン、シベリアのニヴフ（ギリヤーク）語も「ク＝矢」。","jomon2_bnum68.html"
"西山首経","黄山","皐塗","「さらに西へ百八十里。黄山といい、草木なく竹、箭が多い。肦水ながれ西流して赤水に注ぐ。水中に玉が多い」","","「天帝の山＝麦積山」の西南西方【「山海経記載860里」×0.25＝215.0 km】の山","上古音：「黄」ɡʰ wɑŋ／ɣ uaŋ／ɣ uɑŋ／ɡ waŋ／gw ang
上古音：「山」s ăn／ʃ ean／-／s rian／s rian","アイヌ語：皐塗＝「キル(kir)・アゥ(aw)・ウン(un)・シル(sir)・アゥ(aw)・ウン(un)」＝「山脚の・角、枝分かれ・にある（ところ）・山の・角、枝分かれ・にある（ところ）」","jomon2_bnum68.html"
"西山首経","翠山","翠山","「さらに西へ二百里、翠山といい、頂上には椶（しゅろ）・枏（くすのき）、麓には竹・箭が多い。山の南には黄金・玉が多く、北には旄牛（ぼうぎゅう：からうし）、レイ（かもしか）・麝（じゃこうじか）が多い」","","「天帝の山＝麦積山」の西南西方【「山海経記載1060里」×0.25＝265.0 km】の山","上古音：「翠」tsʰ i̯wəd／tsʰ ǐwəi／tsʰ juəd／tsʰ jiwər／tsh jədh
上古音：「山」s ăn／ʃ ean／-／s rian／s rian","アイヌ語：翠山＝「テュ(tu)・アッ(at)・シル(sir)・アゥ(aw)・ウン(un)」＝「峰が・たくさんある・山の・角、枝分かれ・にある（ところ）」","jomon2_bnum68.html"
"西山首経","翠山／鸓","翠山","「鸓（るい：むささび）が多く、その状は鵲の如く、赤黒くて二つの首、四つの足、火をふせぐによろし」","","","上古音：「鸓」- -／- -／l juəd／l iwər／l jədx","アイヌ語：翠山＝「リ(ri)・アゥ(aw)・アッ(at)」＝「高い・角、枝分かれが・たくさんある（ところ）」","jomon2_bnum68.html"
"西山首経","騩山","騩山","「さらに西へ二百五十里、騩山といい、これが西海にさかいする。草木なくて玉が多い。凄水ながれ西流して海に注ぐ。山には采石（いろいし）・黄金が多く、丹粟が多い」","","「天帝の山＝麦積山」の西南西方【「山海経記載1310里」×0.25＝327.5 km】の山","上古音：「騩」- -／- -／k juəd／k iwər／kw jiədh
上古音：「山」s ăn／ʃ ean／-／s rian／s rian","アイヌ語：騩山＝「キル(kir)・アッ(at)・シル(sir)・アゥ(aw)・ウン(un)」＝「山脚が・たくさんある・山の・角、枝分かれ・にある（ところ）」","jomon2_bnum68.html"
